[
    {
        "year": 2023,
        "quarter": "Q1",
        "revenue": 31817819,
        "profit": 4999154,
        "segment": "AI Solutions"
    },
    {
        "year": 2023,
        "quarter": "Q2",
        "revenue": 31730994,
        "profit": 5160292,
        "segment": "Cloud"
    },
    {
        "year": 2023,
        "quarter": "Q3",
        "revenue": 31035891,
        "profit": 4531204,
        "segment": "AI Solutions"
    },
    {
        "year": 2023,
        "quarter": "Q4",
        "revenue": 32119697,
        "profit": 6189360,
        "segment": "AI Solutions"
    },
    {
        "year": 2024,
        "quarter": "Q1",
        "revenue": 29253512,
        "profit": 5589793,
        "segment": "AI Solutions"
    },
    {
        "year": 2024,
        "quarter": "Q2",
        "revenue": 29385574,
        "profit": 5904347,
        "segment": "AI Solutions"
    },
    {
        "year": 2024,
        "quarter": "Q3",
        "revenue": 30700995,
        "profit": 6932085,
        "segment": "Enterprise SaaS"
    },
    {
        "year": 2024,
        "quarter": "Q4",
        "revenue": 28416271,
        "profit": 5929250,
        "segment": "Cloud"
    },
    {
        "year": 2025,
        "quarter": "Q1",
        "revenue": 32885747,
        "profit": 4502585,
        "segment": "AI Solutions"
    },
    {
        "year": 2025,
        "quarter": "Q2",
        "revenue": 32734490,
        "profit": 5297318,
        "segment": "Cloud"
    },
    {
        "year": 2025,
        "quarter": "Q3",
        "revenue": 30488356,
        "profit": 6921616,
        "segment": "AI Solutions"
    },
    {
        "year": 2025,
        "quarter": "Q4",
        "revenue": 30188729,
        "profit": 6551297,
        "segment": "Enterprise SaaS"
    },
    {
        "year": 2025,
        "quarter": "Annual_Adjustment",
        "revenue": 125000000,
        "profit": 22400000
    }
]