{
  "company": "Apex Financial Corp",
  "fiscal_year": 2024,
  "generated": "2025-01-15",
  "summary": {
    "total_revenue_usd_millions": 199.6,
    "net_profit_usd_millions": 42.8,
    "profit_margin_pct": 21.4,
    "yoy_growth_pct": 18.3,
    "total_employees": 2847,
    "headcount_growth_pct": 12.1
  },
  "quarterly_performance": [
    {
      "quarter": "Q1",
      "revenue_m": 42.1,
      "profit_m": 8.3,
      "margin_pct": 19.7
    },
    {
      "quarter": "Q2",
      "revenue_m": 47.3,
      "profit_m": 9.7,
      "margin_pct": 20.5
    },
    {
      "quarter": "Q3",
      "revenue_m": 51.8,
      "profit_m": 11.2,
      "margin_pct": 21.6
    },
    {
      "quarter": "Q4",
      "revenue_m": 58.4,
      "profit_m": 13.6,
      "margin_pct": 23.3
    }
  ],
  "asset_allocation": {
    "Cash": {
      "value_m": 120,
      "pct": 9.6
    },
    "Bonds": {
      "value_m": 340,
      "pct": 27.3
    },
    "Equities": {
      "value_m": 520,
      "pct": 41.8
    },
    "Real Estate": {
      "value_m": 180,
      "pct": 14.5
    },
    "Commodities": {
      "value_m": 85,
      "pct": 6.8
    }
  },
  "stock_portfolio": {
    "APXF": {
      "price": 148.72,
      "change": 3.21,
      "pct": 2.21,
      "vol": "2.4M",
      "mktcap": "14.9B"
    },
    "RIVL": {
      "price": 89.1,
      "change": -1.45,
      "pct": -1.6,
      "vol": "1.1M",
      "mktcap": "8.7B"
    },
    "MNTH": {
      "price": 212.5,
      "change": 5.8,
      "pct": 2.8,
      "vol": "3.2M",
      "mktcap": "21.2B"
    }
  },
  "department_budgets": {
    "Engineering": {
      "budget_m": 18.5
    },
    "Sales": {
      "budget_m": 22.1
    },
    "Marketing": {
      "budget_m": 14.3
    },
    "Operations": {
      "budget_m": 11.8
    },
    "R&D": {
      "budget_m": 9.4
    }
  },
  "transactions": [
    {
      "id": "TXN001",
      "date": "2024-01-15",
      "type": "Revenue",
      "amount": 3200000,
      "category": "Consulting",
      "client": "TechCorp",
      "status": "Settled"
    },
    {
      "id": "TXN002",
      "date": "2024-02-08",
      "type": "Expense",
      "amount": 850000,
      "category": "Payroll",
      "client": "Internal",
      "status": "Settled"
    },
    {
      "id": "TXN003",
      "date": "2024-03-22",
      "type": "Revenue",
      "amount": 5100000,
      "category": "Software License",
      "client": "Globex",
      "status": "Settled"
    },
    {
      "id": "TXN004",
      "date": "2024-04-11",
      "type": "Investment",
      "amount": 2000000,
      "category": "Equipment",
      "client": "Internal",
      "status": "Cleared"
    },
    {
      "id": "TXN005",
      "date": "2024-05-30",
      "type": "Revenue",
      "amount": 4750000,
      "category": "Consulting",
      "client": "Initech",
      "status": "Settled"
    },
    {
      "id": "TXN006",
      "date": "2024-06-17",
      "type": "Expense",
      "amount": 1200000,
      "category": "Marketing",
      "client": "AdAgency",
      "status": "Pending"
    },
    {
      "id": "TXN007",
      "date": "2024-07-04",
      "type": "Revenue",
      "amount": 6300000,
      "category": "SaaS",
      "client": "MegaCorp",
      "status": "Settled"
    },
    {
      "id": "TXN008",
      "date": "2024-08-21",
      "type": "Expense",
      "amount": 975000,
      "category": "R&D",
      "client": "Internal",
      "status": "Settled"
    },
    {
      "id": "TXN009",
      "date": "2024-09-14",
      "type": "Revenue",
      "amount": 7800000,
      "category": "Consulting",
      "client": "StartupXYZ",
      "status": "Settled"
    },
    {
      "id": "TXN010",
      "date": "2024-10-03",
      "type": "Investment",
      "amount": 3500000,
      "category": "Acquisition",
      "client": "DataFirm",
      "status": "Cleared"
    },
    {
      "id": "TXN011",
      "date": "2024-11-19",
      "type": "Revenue",
      "amount": 8900000,
      "category": "Software License",
      "client": "EduGroup",
      "status": "Settled"
    },
    {
      "id": "TXN012",
      "date": "2024-12-31",
      "type": "Expense",
      "amount": 1450000,
      "category": "Bonus Payout",
      "client": "Internal",
      "status": "Pending"
    }
  ],
  "risk_metrics": {
    "var_95_pct": 2.4,
    "sharpe_ratio": 1.87,
    "beta": 0.92,
    "volatility_annualized_pct": 14.3,
    "max_drawdown_pct": -8.2
  }
}